CREATE DATABASE IF NOT EXISTS Proyecto;
USE Proyecto;

DROP TABLE IF EXISTS productos_categoria;
DROP TABLE IF EXISTS productos;
DROP TABLE IF EXISTS tiendas;
DROP TABLE IF EXISTS categoria;

CREATE TABLE IF NOT EXISTS tiendas (
    id_tienda INT AUTO_INCREMENT PRIMARY KEY,
    imagen VARCHAR(255),
    calle VARCHAR(255) NOT NULL,
    numero_tel VARCHAR(255) NOT NULL,
    localidad VARCHAR(255) NOT NULL
);

CREATE TABLE IF NOT EXISTS productos (
    id_producto INT AUTO_INCREMENT PRIMARY KEY,
    nombre VARCHAR(255) NOT NULL,
    marca VARCHAR(255),
    precio DECIMAL(10, 2) NOT NULL,
    descripcion_breve TEXT,
    imagen VARCHAR(255)
);

CREATE TABLE IF NOT EXISTS categoria (
    id_categoria INT AUTO_INCREMENT PRIMARY KEY,
    tipo VARCHAR(255)
);

CREATE TABLE IF NOT EXISTS productos_categoria (
    id_producto INT NOT NULL,
    id_categoria INT NOT NULL,
    FOREIGN KEY (id_producto) REFERENCES productos(id_producto),
    FOREIGN KEY (id_categoria) REFERENCES categoria(id_categoria),
    PRIMARY KEY (id_producto, id_categoria)
);

CREATE TABLE IF NOT EXISTS registro_usuario (
    id INT AUTO_INCREMENT PRIMARY KEY,
    usuario VARCHAR(255) NOT NULL,
    pass VARCHAR(255) NOT NULL,
    nombre VARCHAR(255) NOT NULL,
    apellido VARCHAR(255) NOT NULL,
    email VARCHAR(255) NOT NULL,
    telefono VARCHAR(20) NOT NULL   
);
DELIMITER $$

CREATE PROCEDURE InsertarProductoConCategoria(
    IN _nombre VARCHAR(255),
    IN _marca VARCHAR(255),
    IN _precio DECIMAL(10, 2),
    IN _descripcion_breve TEXT,
    IN _imagen VARCHAR(255),
    IN _id_categoria INT
)
BEGIN
    -- Inserta el producto en la tabla 'productos'.
    INSERT INTO productos(nombre, marca, precio, descripcion_breve, imagen)
    VALUES (_nombre, _marca, _precio, _descripcion_breve, _imagen);
    
    -- Inserta la relación producto-categoría en 'productos_categoria'.
    INSERT INTO productos_categoria(id_producto, id_categoria)
    VALUES (LAST_INSERT_ID(), _id_categoria);
END$$

DELIMITER ;
INSERT INTO tiendas (imagen,calle, numero_tel, localidad) VALUES 
('../img/localidades/Barcelona.jpg','C/JoseLuisTorrente 14','123456789', 'Barcelona'),
('../img/localidades/Madrid.jpg','C/Alibaba 8','123456789', 'Madrid'),
('../img/localidades/Zaragoza.jpg','C/Morcillo 13','123456789', 'Sevilla'),
('../img/localidades/Zaragoza.jpg','C/Bebelanga 10','123456789', 'Zaragoza'),
('../img/localidades/Aranda.jpg','C/YayeDiawara 13','123456789', 'Aranda de Duero'),
('../img/localidades/Valencia.jpg','C/Mamañema 21', '123456789', 'Valencia'),
('../img/localidades/Palma.jpg','C/Retrete 1', '123456789', 'Palma');


INSERT INTO productos (nombre, marca, precio, descripcion_breve, imagen) VALUES
( 'Laptop Dabware 2022', 'Dabware', 899.99, 'Laptop de última generación con tecnología Dabware, diseñada para satisfacer las demandas de los usuarios más exigentes. Equipada con un potente procesador y una tarjeta gráfica de alto rendimiento, esta laptop ofrece un rendimiento excepcional en cualquier tarea, ya sea trabajo o entretenimiento. Además, su diseño elegante y su pantalla de alta definición proporcionan una experiencia visual inigualable.', '../img/productos/pc1.jpg'),
( 'Teclado mecánico Dabware', 'Dabware', 129.50, 'Experimenta el máximo rendimiento con el teclado mecánico Dabware. Diseñado para gamers y profesionales, este teclado ofrece una respuesta táctil precisa y una durabilidad excepcional. Además, su iluminación RGB personalizable te permite crear un ambiente de juego único. Domina tus juegos y aumenta tu productividad con el teclado mecánico Dabware.',  '../img/productos/tecladoweed.jpg'),
( 'Monitor HD 27 pulgadas', 'Samsung', 249.00, 'Sumérgete en la experiencia visual definitiva con el monitor HD de 27 pulgadas de Samsung. Con una resolución de alta definición y colores vibrantes, este monitor ofrece imágenes nítidas y realistas que hacen que tus películas, juegos y proyectos cobren vida. Además, su diseño elegante y su pantalla de gran tamaño te permiten disfrutar de una visualización cómoda y envolvente durante horas.',  '../img/productos/Monitor27pulgadas.jpg'),
( 'Mouse inalámbrico Dabware', 'Dabware', 59.99, 'Libera tu escritorio y mejora tu productividad con el mouse inalámbrico Dabware. Diseñado para ofrecer un rendimiento óptimo y una comodidad duradera, este mouse cuenta con un diseño ergonómico y una precisión excepcional. Ya sea que estés trabajando en una presentación importante o jugando tus juegos favoritos, el mouse inalámbrico Dabware te ofrece un control suave y preciso en todo momento.',  '../img/productos/mouseDabware.jpg'),
( 'Smartphone Dabware X', 'Dabware', 699.95, 'Descubre el futuro de la tecnología móvil con el smartphone Dabware X. Equipado con una potente cámara de alta resolución y un rendimiento excepcional, este smartphone te permite capturar cada momento con una claridad impresionante y disfrutar de un rendimiento fluido en todas tus aplicaciones favoritas. Además, su diseño elegante y su pantalla de alta definición te ofrecen una experiencia de usuario incomparable.',  '../img/productos/SmarphoneDab.jpg'),
( 'Tablet Samsung Galaxy Tab A', 'Samsung', 199.00, 'Ligera, potente y versátil, la tablet Samsung Galaxy Tab A es el compañero perfecto para tu vida digital. Con su pantalla HD de alta resolución y su diseño elegante, esta tablet te ofrece una experiencia de visualización excepcional dondequiera que vayas. Ya sea que estés viendo películas, navegando por la web o trabajando en tus proyectos, la tablet Samsung Galaxy Tab A te ofrece el rendimiento y la comodidad que necesitas.',  '../img/productos/tabletSamsung.jpg'),
( 'Auriculares Bluetooth Dabware', 'Dabware', 79.99, 'Sumérgete en tu música con los auriculares Bluetooth Dabware. Equipados con cancelación de ruido activa y una calidad de sonido excepcional, estos auriculares te ofrecen una experiencia auditiva inigualable. Además, su diseño ergonómico y su batería de larga duración te permiten disfrutar de tu música favorita durante todo el día, estés donde estés.',  '../img/productos/auricularesDab.jpg'),
( 'Altavoces Logitech', 'Logitech', 149.99, 'Transforma tu espacio con los altavoces Logitech. Con su sonido envolvente y potente, estos altavoces te ofrecen una experiencia auditiva excepcional que te sumerge por completo en tu música, películas y juegos favoritos. Además, su diseño elegante y compacto se adapta perfectamente a cualquier entorno, ya sea en tu escritorio o en tu sala de estar.',  '../img/productos/AltavocesLogi.jpg'),
( 'Impresora HP DeskJet', 'HP', 89.95, 'Haz que cada impresión cuente con la impresora HP DeskJet. Diseñada para la máxima calidad y fiabilidad, esta impresora te permite imprimir documentos y fotografías de alta calidad con facilidad y eficiencia. Además, su diseño compacto y su conectividad versátil la hacen perfecta para cualquier hogar u oficina.',  '../img/productos/ImpresoraHP.jpg'),
( 'Procesador AMD Ryzen 5', 'AMD', 229.50, 'Haz que tu PC cobre vida con el procesador AMD Ryzen 5. Con su potente rendimiento y eficiencia energética, este procesador te ofrece la potencia que necesitas para realizar cualquier tarea, ya sea trabajo o juego. Además, su arquitectura avanzada y su compatibilidad con las últimas tecnologías te aseguran un rendimiento excepcional en todo momento.',  '../img/productos/AMDrizen5.jpg'),
( 'Tarjeta gráfica Nvidia GeForce RTX 3060', 'Nvidia', 499.99, 'Lleva tu experiencia de juego al siguiente nivel con la tarjeta gráfica Nvidia GeForce RTX 3060. Equipada con la última tecnología de trazado de rayos y núcleos de procesamiento de última generación, esta tarjeta gráfica te ofrece un rendimiento gráfico incomparable en los juegos más exigentes. Además, su diseño elegante y su compatibilidad con la realidad virtual te sumergen por completo en mundos virtuales asombrosos.',  '../img/productos/GraficaGTX3060.jpg'),
( 'Disco duro externo 1TB', 'Western Digital', 79.99, 'Almacena tus archivos importantes con seguridad y fiabilidad con el disco duro externo de 1TB de Western Digital. Diseñado para ofrecer un rendimiento óptimo y una gran capacidad de almacenamiento, este disco duro es perfecto para guardar tus fotos, vídeos, documentos y mucho más. Además, su diseño compacto y resistente te permite llevar tus datos contigo dondequiera que vayas.',  '../img/productos/DiscoDuro1TB.jpg'),
( 'Webcam Logitech C920', 'Logitech', 79.95, 'Haz que tus videoconferencias y transmisiones sean más profesionales con la webcam Logitech C920. Con su calidad de imagen HD y su enfoque automático, esta webcam te ofrece una claridad excepcional en cada llamada y stream. Además, su diseño compacto y su fácil instalación la hacen perfecta para cualquier entorno de trabajo o entretenimiento.',  '../img/productos/WebCamLog.jpg'),
( 'Router WiFi Dabware', 'Dabware', 129.99, 'Mantén tu red en marcha con el router WiFi Dabware. Con su alta velocidad y amplio alcance de señal, este router te ofrece una conectividad rápida y estable en todo tu hogar u oficina. Además, su diseño elegante y su interfaz fácil de usar lo hacen perfecto para usuarios de todos los niveles de experiencia.',  '../img/productos/routerDabware.jpg'),
( 'Teclado inalámbrico Logitech K780', 'Logitech', 89.50, 'Aumenta tu productividad con el teclado inalámbrico Logitech K780. Con su diseño multi-dispositivo y su soporte para teléfonos y tablets, este teclado te permite cambiar fácilmente entre diferentes dispositivos y realizar varias tareas al mismo tiempo. Además, su diseño ergonómico y su duración de la batería te ofrecen comodidad y eficiencia durante todo el día.',  '../img/productos/TecladoLog.jpg'),
( 'Ratón gaming Razer DeathAdder', 'Razer', 59.99, 'Domina tus juegos con el ratón gaming Razer DeathAdder. Diseñado para ofrecer un rendimiento excepcional y una precisión insuperable, este ratón te ofrece una ventaja competitiva en cualquier juego. Además, su diseño ergonómico y su iluminación personalizable te permiten jugar con estilo y comodidad durante horas.',  '../img/productos/RatonRacer.jpg'),
( 'Laptop HP Pavilion', 'HP', 799.95, 'Haz más con la laptop HP Pavilion. Con su potente rendimiento y su diseño elegante, esta laptop te ofrece todo lo que necesitas para trabajar y jugar con estilo. Ya sea que estés creando contenido, navegando por la web o jugando tus juegos favoritos, la laptop HP Pavilion te ofrece un rendimiento excepcional y una experiencia de usuario incomparable.',  '../img/productos/PcPavilon.jpg'),
( 'Monitor curvo Samsung Odyssey G5', 'Samsung', 329.99, 'Sumérgete en el juego con el monitor curvo Samsung Odyssey G5. Con su tasa de refresco de 144Hz y su tiempo de respuesta ultrarrápido, este monitor te ofrece una experiencia de juego suave y sin problemas que te sumerge por completo en la acción. Además, su diseño curvo y su pantalla de alta definición te ofrecen una visualización inmersiva que te lleva al centro de la acción.',  '../img/productos/MonitorCurvoX.jpg'),
( 'Smartwatch Samsung Galaxy Watch 4', 'Samsung', 349.50, 'Haz un seguimiento avanzado de tu salud y estado físico con el smartwatch Samsung Galaxy Watch 4. Con su pantalla AMOLED brillante y su amplia gama de funciones, este smartwatch te ayuda a mantenerte conectado y en forma en todo momento. Ya sea que estés corriendo, nadando o durmiendo, el smartwatch Samsung Galaxy Watch 4 te ofrece las herramientas que necesitas para alcanzar tus objetivos de bienestar.',  '../img/productos/SmartWatch.jpg'),
( 'Impresora láser Brother', 'Brother', 179.99, 'Haz que tus documentos se destaquen con la impresora láser Brother. Con su velocidad de impresión rápida y su calidad de impresión excepcional, esta impresora te ayuda a crear documentos profesionales con facilidad y eficiencia. Además, su diseño compacto y su conectividad versátil la hacen perfecta para cualquier entorno de trabajo.',  '../img/productos/ImpresoraLaser.jpg'),
( 'Portátil Dabware X1', 'Dabware', 1099.99, 'Haz más con el portátil Dabware X1. Equipado con tecnología de última generación y un rendimiento excepcional, este portátil te ofrece la potencia y la versatilidad que necesitas para trabajar y jugar en cualquier lugar. Ya sea que estés creando contenido, editando fotos o jugando tus juegos favoritos, el portátil Dabware X1 te ofrece un rendimiento sin compromisos.',  '../img/productos/portatilDabware.jpg'),
( 'Teclado Dabware Retroiluminado', 'Dabware', 79.50, 'Ilumina tu experiencia informática con el teclado Dabware Retroiluminado. Con su retroiluminación LED personalizable y su diseño ergonómico, este teclado te ofrece comodidad y estilo en cada pulsación. Además, su durabilidad y fiabilidad te garantizan un rendimiento óptimo durante años.',  '../img/productos/retoiluminadoDabware.jpg'),
( 'Smart TV Samsung 55"', 'Samsung', 899.00, 'Sumérgete en la acción con la Smart TV Samsung de 55 pulgadas. Con su pantalla LED de alta definición y su amplia gama de funciones inteligentes, esta Smart TV te ofrece una experiencia de visualización incomparable. Ya sea que estés viendo tus películas favoritas, jugando tus juegos preferidos o explorando contenido en línea, la Smart TV Samsung te ofrece imágenes nítidas y realistas que te llevan al centro de la acción.',  'imagen23.jpg'),
( 'Auriculares inalámbricos Dabware Pro', 'Dabware', 149.99, 'Disfruta de un sonido premium en cualquier lugar con los auriculares inalámbricos Dabware Pro. Equipados con cancelación de ruido y tecnología de sonido envolvente, estos auriculares te ofrecen una experiencia de audio inmersiva que te sumerge por completo en tu música, películas y juegos favoritos. Además, su diseño elegante y su comodidad duradera los hacen perfectos para un uso diario.',  '../img/productos/portatilDabware.jpg'),
( 'Smartphone Samsung Galaxy S22', 'Samsung', 1299.95, 'Descubre una nueva era de la fotografía móvil con el smartphone Samsung Galaxy S22. Equipado con una cámara de alta resolución y una potente tecnología de procesamiento de imágenes, este smartphone te permite capturar cada momento con una claridad impresionante y una calidad excepcional. Además, su diseño elegante y su rendimiento fluido te ofrecen una experiencia de usuario incomparable en todo momento.',  'imagen25.jpg'),
( 'Tablet Dabware Tablet Pro', 'Dabware', 299.00, 'Haz más con la tablet Dabware Tablet Pro. Con su pantalla táctil HD y su potente rendimiento, esta tablet te ofrece la versatilidad que necesitas para trabajar y jugar en cualquier lugar. Ya sea que estés creando presentaciones, viendo películas o navegando por la web, la tablet Dabware Tablet Pro te ofrece una experiencia de usuario fluida y sin interrupciones.',  '../img/productos/tabletDabwarePro.jpg'),
( 'Altavoces Bluetooth JBL', 'JBL', 199.75, 'Lleva la fiesta contigo dondequiera que vayas con los altavoces Bluetooth JBL. Con su sonido potente y claro, estos altavoces te permiten disfrutar de tu música favorita con una calidad excepcional en cualquier lugar. Además, su diseño portátil y su conectividad inalámbrica te ofrecen la libertad de llevar la música contigo dondequiera que vayas.',  'imagen27.jpg'),
( 'Ratón gaming Logitech G502', 'Logitech', 79.99, 'Domina la competencia con el ratón gaming Logitech G502. Con su precisión y comodidad excepcionales, este ratón te ofrece un rendimiento superior en cualquier juego. Además, su diseño ergonómico y sus botones programables te permiten personalizar tu experiencia de juego para adaptarse a tu estilo de juego único.',  'imagen28.jpg'),
( 'Impresora multifunción Canon PIXMA', 'Canon', 129.95, 'Haz que tu vida digital sea más fácil con la impresora multifunción Canon PIXMA. Con su capacidad para imprimir, escanear y copiar, esta impresora te ofrece todas las herramientas que necesitas para manejar tus tareas diarias con facilidad y eficiencia. Además, su diseño compacto y su conectividad versátil la hacen perfecta para cualquier hogar u oficina.',  'imagen29.jpg'),
( 'Procesador Intel Core i9', 'Intel', 399.50, 'Experimenta el máximo rendimiento con el procesador Intel Core i9. Con su arquitectura avanzada y su potencia incomparable, este procesador te ofrece la potencia que necesitas para realizar cualquier tarea, ya sea trabajo o juego. Además, su compatibilidad con las últimas tecnologías te asegura un rendimiento excepcional en todas tus aplicaciones favoritas.',  'imagen30.jpg'),
( 'Tarjeta gráfica AMD Radeon RX 6700 XT', 'AMD', 599.99, 'Lleva tu experiencia de juego al siguiente nivel con la tarjeta gráfica AMD Radeon RX 6700 XT. Equipada con la última tecnología gráfica y un rendimiento excepcional, esta tarjeta gráfica te ofrece imágenes nítidas y realistas que te sumergen por completo en tus juegos favoritos. Además, su diseño elegante y su compatibilidad con la realidad virtual te ofrecen una experiencia de juego inigualable.',  'imagen31.jpg'),
( 'Disco duro SSD Samsung 1TB', 'Samsung', 149.99, 'Haz que tu PC sea más rápida y receptiva con el disco duro SSD Samsung de 1TB. Con su velocidad de transferencia ultrarrápida y su fiabilidad excepcional, este disco duro te ofrece un rendimiento superior en todas tus aplicaciones y juegos favoritos. Además, su diseño compacto y su fácil instalación lo hacen perfecto para cualquier sistema.',  'imagen32.jpg'),
( 'Ordenador de sobremesa Dell Inspiron 3880', 'Dell', 599.99, 'Potencia tu productividad con el ordenador de sobremesa Dell Inspiron 3880. Equipado con un procesador Intel Core i5 de décima generación, 8 GB de RAM y un disco duro de 512 GB SSD, este ordenador ofrece un rendimiento confiable para todas tus necesidades informáticas. Ya sea que estés trabajando desde casa, estudiando o disfrutando de tu contenido multimedia favorito, el Dell Inspiron 3880 te ofrece la potencia y la capacidad de respuesta que necesitas.', 'imagen33.jpg'),
( 'Televisor Samsung QLED Q80A', 'Samsung', 1499.99, 'Disfruta de una experiencia visual impresionante con el televisor Samsung QLED Q80A. Con su tecnología QLED y resolución 4K, este televisor ofrece colores vibrantes, negros profundos y detalles nítidos para una calidad de imagen excepcional. Además, su diseño elegante sin marcos y su compatibilidad con múltiples asistentes de voz lo convierten en una adición perfecta para cualquier sala de estar o sala de entretenimiento.', 'imagen34.jpg'),
( 'Teclado mecánico Corsair K95 RGB Platinum', 'Corsair', 189.50, 'Experimenta el máximo rendimiento con el teclado mecánico Corsair K95 RGB Platinum. Con su diseño premium y su iluminación RGB personalizable, este teclado te ofrece una experiencia de escritura incomparable. Además, sus interruptores mecánicos de alta calidad y sus teclas programables te permiten personalizar tu experiencia de juego o trabajo para adaptarse a tu estilo único.',  'imagen35.jpg'),
( 'Ordenador de sobremesa ASUS ROG Strix GA15DH', 'ASUS', 1299.99, 'Domina tus juegos y tareas exigentes con el ordenador de sobremesa ASUS ROG Strix GA15DH. Equipado con un procesador AMD Ryzen 7 de tercera generación, 16 GB de RAM, 512 GB de SSD y una tarjeta gráfica NVIDIA GeForce RTX 3060, este potente equipo ofrece un rendimiento excepcional en todos los aspectos. Ya sea que estés jugando a los últimos títulos de alta demanda o trabajando en proyectos creativos intensivos, el ASUS ROG Strix GA15DH te proporciona la potencia y la velocidad necesarias para destacar.', 'imagen36.jpg'),
( 'Laptop HP Envy', 'HP', 1199.95, 'Experimenta la perfección en portabilidad y rendimiento con la laptop HP Envy. Con su diseño elegante y su pantalla táctil Full HD, esta laptop te ofrece una experiencia de usuario excepcional dondequiera que vayas. Ya sea que estés trabajando en la oficina, navegando por la web o viendo películas en casa, la laptop HP Envy te ofrece el rendimiento y la comodidad que necesitas para hacer más.',  'imagen37.jpg'),
( 'Monitor LG Ultrawide 34"', 'LG', 599.99, 'Sumérgete en una experiencia de visualización inmersiva con el monitor LG Ultrawide de 34 pulgadas. Con su diseño panorámico y su resolución UltraWide QHD, este monitor te ofrece una vista amplia y detallada que te sumerge por completo en tus juegos, películas y proyectos favoritos. Además, su tecnología de pantalla dividida te permite realizar varias tareas al mismo tiempo sin esfuerzo.',  'imagen38.jpg'),
( 'Portátil Dell XPS 13', 'Dell', 1299.99, 'Experimenta la máxima portabilidad y rendimiento con el portátil Dell XPS 13. Con su diseño ultradelgado y su potente rendimiento, este portátil es perfecto para usuarios móviles que necesitan trabajar o entretenerse sobre la marcha. Equipado con un potente procesador Intel Core y una impresionante pantalla InfinityEdge, el Dell XPS 13 ofrece una experiencia informática excepcional en un formato compacto y elegante.', 'imagen39.jpg'),
( 'Television Samsung QLED Q90T', 'Samsung', 1999.99, 'Sumérgete en la experiencia visual definitiva con la televisión Samsung QLED Q90T. Con su tecnología Quantum Dot y su resolución 4K Ultra HD, esta televisión ofrece imágenes vibrantes y detalladas con colores realistas y un contraste impresionante. Además, su diseño elegante y su amplio ángulo de visión garantizan una experiencia de visualización envolvente desde cualquier lugar de la habitación.', 'imagen40.jpg'),
( 'Procesador Intel Core i7', 'Intel', 299.50, 'Haz más con el procesador Intel Core i7. Con su potente rendimiento y su eficiencia energética, este procesador te ofrece la potencia que necesitas para realizar cualquier tarea, ya sea trabajo o juego. Además, su compatibilidad con las últimas tecnologías te asegura un rendimiento excepcional en todas tus aplicaciones favoritas.',  'imagen41.jpg'),
( 'Tarjeta gráfica MSI GeForce RTX 3080', 'MSI', 899.99, 'Lleva tu experiencia de juego al siguiente nivel con la tarjeta gráfica MSI GeForce RTX 3080. Equipada con la última tecnología de trazado de rayos y núcleos de procesamiento de última generación, esta tarjeta gráfica te ofrece un rendimiento gráfico incomparable en los juegos más exigentes. Además, su diseño elegante y su compatibilidad con la realidad virtual te sumergen por completo en mundos virtuales asombrosos.',  'imagen42.jpg'),
( 'Disco duro externo 2TB WD Elements', 'Western Digital', 99.99, 'Almacena tus archivos importantes con seguridad y fiabilidad con el disco duro externo de 2TB WD Elements. Diseñado para ofrecer un rendimiento óptimo y una gran capacidad de almacenamiento, este disco duro es perfecto para guardar tus fotos, vídeos, documentos y mucho más. Además, su diseño compacto y resistente te permite llevar tus datos contigo dondequiera que vayas.',  'imagen43.jpg'),
( 'Television LG OLED CX', 'LG', 1799.99, 'Disfruta de una experiencia de visualización cinematográfica en casa con la televisión LG OLED CX. Con su tecnología OLED y resolución 4K Ultra HD, esta televisión ofrece imágenes increíblemente realistas con colores vivos y negros profundos. Además, su compatibilidad con HDR proporciona un rango dinámico amplio para una experiencia visual aún más inmersiva.', 'imagen44.jpg'),
( 'Portátil Dell XPS 13', 'Dell', 1299.99, 'Experimenta un rendimiento excepcional y un diseño elegante con el portátil Dell XPS 13. Equipado con un potente procesador Intel Core, una pantalla InfinityEdge de alta resolución y una construcción duradera de primera calidad, este portátil te ofrece todo lo que necesitas para trabajar y crear en movimiento. Además, su tamaño compacto lo hace perfecto para usuarios que necesitan portabilidad sin comprometer la potencia.', 'imagen45.jpg'),
( 'Teclado mecánico Razer BlackWidow', 'Razer', 129.50, 'Experimenta el máximo rendimiento con el teclado mecánico Razer BlackWidow. Con su diseño premium y sus interruptores mecánicos de alta calidad, este teclado te ofrece una experiencia de escritura incomparable. Además, su iluminación personalizable te permite crear un ambiente de juego único que te sumerge por completo en la acción.',  'imagen46.jpg'),
( 'Altavoces Bose SoundLink Mini II', 'Bose', 249.00, 'Disfruta de un sonido potente y claro en cualquier lugar con los altavoces Bose SoundLink Mini II. Con su diseño compacto y su conectividad inalámbrica, estos altavoces te permiten llevar tu música contigo dondequiera que vayas. Además, su batería de larga duración te ofrece horas de reproducción ininterrumpida para que puedas disfrutar de tu música favorita durante más tiempo.',  'imagen47.jpg'),
( 'Ratón Logitech MX Master 3', 'Logitech', 99.99, 'Aumenta tu productividad con el ratón Logitech MX Master 3. Con su diseño ergonómico y sus funciones personalizables, este ratón te permite trabajar de manera más eficiente y cómoda. Además, su seguimiento preciso y su conectividad multi-dispositivo te ofrecen un control suave y sin esfuerzo en todas tus tareas diarias.',  'imagen48.jpg'),
( 'Portátil HP Pavilion 15', 'HP', 849.99, 'Obtén un rendimiento potente y una experiencia multimedia envolvente con el portátil HP Pavilion 15. Equipado con un procesador Intel Core de última generación, gráficos NVIDIA GeForce dedicados y una pantalla de alta definición, este portátil te ofrece todo lo que necesitas para trabajar, estudiar y jugar. Además, su diseño elegante y su construcción duradera lo hacen perfecto para llevarlo contigo a todas partes.', 'imagen49.jpg'),
( 'Procesador AMD Ryzen 9', 'AMD', 499.50, 'Haz más con el procesador AMD Ryzen 9. Con su potente rendimiento y su eficiencia energética, este procesador te ofrece la potencia que necesitas para realizar cualquier tarea, ya sea trabajo o juego. Además, su compatibilidad con las últimas tecnologías te asegura un rendimiento excepcional en todas tus aplicaciones favoritas.',  'imagen50.jpg'),
( 'Tarjeta gráfica Asus ROG Strix RTX 3090', 'Asus', 1999.99, 'Lleva tu experiencia de juego al siguiente nivel con la tarjeta gráfica Asus ROG Strix RTX 3090. Equipada con la última tecnología gráfica y un rendimiento excepcional, esta tarjeta gráfica te ofrece imágenes nítidas y realistas que te sumergen por completo en tus juegos favoritos. Además, su diseño elegante y su compatibilidad con la realidad virtual te sumergen por completo en mundos virtuales asombrosos.',  'imagen51.jpg'),
( 'Disco duro externo 4TB Seagate Expansion', 'Seagate', 129.99, 'Almacena tus archivos importantes con seguridad y fiabilidad con el disco duro externo de 4TB Seagate Expansion. Diseñado para ofrecer un rendimiento óptimo y una gran capacidad de almacenamiento, este disco duro es perfecto para guardar tus fotos, vídeos, documentos y mucho más. Además, su diseño compacto y resistente te permite llevar tus datos contigo dondequiera que vayas.',  'imagen52.jpg'),
( 'Smart TV Samsung QLED Q80A', 'Samsung', 1299.99, 'Sumérgete en una experiencia visual impresionante con el Smart TV Samsung QLED Q80A. Con su tecnología Quantum Dot y resolución 4K, este televisor ofrece imágenes vibrantes y realistas con colores precisos y detalles asombrosos. Además, su sistema operativo inteligente te brinda acceso a una amplia gama de aplicaciones de entretenimiento y servicios de transmisión. Con un diseño elegante y características como el Modo Ambiente+, este televisor se integra perfectamente en cualquier espacio.', 'imagen53.jpg'),
( 'Router D-Link AC2600', 'D-Link', 199.99, 'Mantén tu red en marcha con el router D-Link AC2600. Con su alta velocidad y amplio alcance de señal, este router te ofrece una conectividad rápida y estable en todo tu hogar u oficina. Además, su diseño elegante y su interfaz fácil de usar lo hacen perfecto para usuarios de todos los niveles de experiencia.',  'imagen54.jpg'),
( 'Teclado inalámbrico Microsoft Modern', 'Microsoft', 79.50, 'Aumenta tu productividad con el teclado inalámbrico Microsoft Modern. Con su diseño delgado y elegante y su conexión Bluetooth, este teclado te permite trabajar cómodamente desde cualquier lugar. Además, su duración de la batería de larga duración te ofrece una comodidad duradera durante todo el día.',  'imagen55.jpg'),
( 'Altavoces Creative Pebble V3', 'Creative', 49.99, 'Disfruta de un sonido claro y potente en tu escritorio con los altavoces Creative Pebble V3. Con su diseño elegante y su calidad de sonido excepcional, estos altavoces te ofrecen una experiencia de audio inigualable en cualquier situación. Además, su conectividad USB-C y su control de volumen frontal te ofrecen comodidad y facilidad de uso.',  'imagen56.jpg'),
( 'Ratón gaming Corsair Sabre RGB Pro', 'Corsair', 59.50, 'Domina tus juegos con el ratón gaming Corsair Sabre RGB Pro. Con su diseño ligero y su precisión excepcional, este ratón te ofrece un rendimiento superior en cualquier juego. Además, su iluminación RGB personalizable te permite crear un ambiente de juego único que te sumerge por completo en la acción.',  'imagen57.jpg'),
( 'Impresora multifunción HP OfficeJet Pro 8035', 'HP', 199.95, 'Haz que tu impresión sea más eficiente y sostenible con la impresora multifunción HP OfficeJet Pro 8035. Con su capacidad para imprimir, escanear, copiar y enviar faxes, esta impresora te ofrece todas las herramientas que necesitas para manejar tus tareas diarias con facilidad y eficiencia. Además, su diseño compacto y su conectividad versátil la hacen perfecta para cualquier hogar u oficina.',  'imagen58.jpg'),
( 'Procesador AMD Ryzen 7', 'AMD', 299.50, 'Haz más con el procesador AMD Ryzen 7. Con su potente rendimiento y su eficiencia energética, este procesador te ofrece la potencia que necesitas para realizar cualquier tarea, ya sea trabajo o juego. Además, su compatibilidad con las últimas tecnologías te asegura un rendimiento excepcional en todas tus aplicaciones favoritas.',  'imagen59.jpg'),
( 'Tarjeta gráfica Gigabyte GeForce GTX 1660', 'Gigabyte', 329.99, 'Lleva tu experiencia de juego al siguiente nivel con la tarjeta gráfica Gigabyte GeForce GTX 1660. Equipada con la última tecnología gráfica y un rendimiento excepcional, esta tarjeta gráfica te ofrece imágenes nítidas y realistas que te sumergen por completo en tus juegos favoritos. Además, su diseño elegante y su compatibilidad con la realidad virtual te sumergen por completo en mundos virtuales asombrosos.',  'imagen60.jpg'),
( 'Monitor ASUS VG248QG', 'ASUS', 279.99, 'Disfruta de una experiencia de juego suave y sin problemas con el monitor ASUS VG248QG. Con su tasa de refresco de 165Hz y su tiempo de respuesta de 0.5ms, este monitor te ofrece imágenes nítidas y fluidas que te sumergen por completo en tus juegos favoritos. Además, su diseño ergonómico y su compatibilidad con la tecnología G-SYNC te ofrecen una experiencia de juego sin igual.', 'imagen61.jpg'),
( 'Smartwatch Fitbit Versa 3', 'Fitbit', 229.95, 'Haz un seguimiento avanzado de tu salud y estado físico con el smartwatch Fitbit Versa 3. Con su pantalla AMOLED brillante y su amplia gama de funciones de salud y bienestar, este smartwatch te ayuda a mantenerte conectado y en forma en todo momento. Ya sea que estés corriendo, nadando o meditando, el smartwatch Fitbit Versa 3 te ofrece las herramientas que necesitas para alcanzar tus objetivos de salud y bienestar.', 'imagen62.jpg'),
( 'Impresora láser Samsung Xpress M2026W', 'Samsung', 99.99, 'Haz que tus impresiones sean rápidas y eficientes con la impresora láser Samsung Xpress M2026W. Con su velocidad de impresión rápida y su calidad de impresión excepcional, esta impresora te ayuda a crear documentos profesionales con facilidad y eficiencia. Además, su diseño compacto y su conectividad inalámbrica la hacen perfecta para cualquier hogar u oficina.', 'imagen63.jpg'),
( 'Procesador Intel Core i5', 'Intel', 229.50, 'Haz más con el procesador Intel Core i5. Con su potente rendimiento y su eficiencia energética, este procesador te ofrece la potencia que necesitas para realizar cualquier tarea, ya sea trabajo o juego. Además, su compatibilidad con las últimas tecnologías te asegura un rendimiento excepcional en todas tus aplicaciones favoritas.', 'imagen64.jpg'),
( 'Tarjeta gráfica Zotac GeForce GTX 1650', 'Zotac', 199.99, 'Lleva tu experiencia de juego al siguiente nivel con la tarjeta gráfica Zotac GeForce GTX 1650. Equipada con la última tecnología gráfica y un rendimiento excepcional, esta tarjeta gráfica te ofrece imágenes nítidas y realistas que te sumergen por completo en tus juegos favoritos. Además, su diseño compacto y su compatibilidad con la realidad virtual te sumergen por completo en mundos virtuales asombrosos.', 'imagen65.jpg'),
( 'Disco duro externo 500GB WD My Passport', 'Western Digital', 59.99, 'Almacena tus archivos importantes con seguridad y fiabilidad con el disco duro externo de 500GB WD My Passport. Diseñado para ofrecer un rendimiento óptimo y una gran capacidad de almacenamiento, este disco duro es perfecto para guardar tus fotos, vídeos, documentos y mucho más. Además, su diseño compacto y resistente te permite llevar tus datos contigo dondequiera que vayas.', 'imagen66.jpg'),
( 'Webcam Logitech Brio Ultra HD Pro', 'Logitech', 199.95, 'Haz que tus videoconferencias y transmisiones sean más profesionales con la webcam Logitech Brio Ultra HD Pro. Con su calidad de imagen Ultra HD 4K y su enfoque automático HDR, esta webcam te ofrece una claridad excepcional en cada llamada y stream. Además, su diseño compacto y su fácil instalación la hacen perfecta para cualquier entorno de trabajo o entretenimiento.', 'imagen67.jpg'),
( 'Router Netgear Nighthawk AX12', 'Netgear', 299.99, 'Mantén tu red en marcha con el router Netgear Nighthawk AX12. Con su alta velocidad y amplio alcance de señal, este router te ofrece una conectividad rápida y estable en todo tu hogar u oficina. Además, su diseño elegante y su interfaz fácil de usar lo hacen perfecto para usuarios de todos los niveles de experiencia.', 'imagen68.jpg'),
( 'Teclado inalámbrico Apple Magic Keyboard', 'Apple', 99.00, 'Aumenta tu productividad con el teclado inalámbrico Apple Magic Keyboard. Con su diseño delgado y elegante y su conexión Bluetooth, este teclado te permite trabajar cómodamente desde cualquier lugar. Además, su duración de la batería de larga duración te permite utilizarlo durante semanas sin necesidad de recargarlo.', 'imagen69.jpg'),
( 'Altavoces Bluetooth JBL Flip 5', 'JBL', 119.95, 'Disfruta de un sonido potente y envolvente dondequiera que vayas con los altavoces Bluetooth JBL Flip 5. Con su diseño resistente al agua y su batería de larga duración, estos altavoces son perfectos para fiestas en la piscina, excursiones al aire libre y mucho más. Además, su conectividad Bluetooth te permite conectarlos fácilmente a tu smartphone, tablet u otro dispositivo compatible.', 'imagen70.jpg'),
( 'Micrófono Blue Yeti USB', 'Blue', 129.99, 'Haz que tu voz se escuche con claridad y nitidez con el micrófono Blue Yeti USB. Con su calidad de sonido excepcional y su fácil conexión USB, este micrófono es perfecto para grabar podcasts, hacer streaming, realizar videollamadas y mucho más. Además, su diseño robusto y su versatilidad lo hacen ideal para cualquier aplicación de grabación de audio.','imagen71.jpg'),
( 'Auriculares inalámbricos Sony WH-1000XM4', 'Sony', 349.99, 'Sumérgete en tu música con los auriculares inalámbricos Sony WH-1000XM4. Con su cancelación de ruido líder en la industria y su calidad de sonido excepcional, estos auriculares te ofrecen una experiencia auditiva inigualable. Además, su comodidad durante todo el día y su duración de la batería de larga duración los convierten en el compañero perfecto para viajes largos, sesiones de trabajo intensas y mucho más.', 'imagen72.jpg'),
( 'Ordenador de sobremesa HP Pavilion', 'HP', 799.99, 'Potente y versátil, el ordenador de sobremesa HP Pavilion es perfecto para tus necesidades informáticas diarias. Equipado con un procesador Intel Core i5, 16 GB de RAM y un disco duro de 1 TB, este ordenador ofrece un rendimiento rápido y fluido para multitarea, juegos y entretenimiento. Además, su diseño elegante y compacto se adapta fácilmente a cualquier espacio de trabajo u oficina en casa.', 'imagen73.jpg'),
( 'Ordenador de sobremesa Dell Inspiron', 'Dell', 699.99, 'Obtén un rendimiento excepcional con el ordenador de sobremesa Dell Inspiron. Con un potente procesador AMD Ryzen 7, 12 GB de RAM y un SSD de 512 GB, este ordenador ofrece una experiencia informática rápida y eficiente. Ya sea que estés trabajando en proyectos creativos, jugando a tus juegos favoritos o simplemente navegando por la web, el Dell Inspiron está diseñado para satisfacer todas tus necesidades informáticas.', 'imagen74.jpg'),
( 'Ordenador portátil Dell XPS 13', 'Dell', 1199.99, 'Descubre la combinación perfecta de potencia y portabilidad con el ordenador portátil Dell XPS 13. Equipado con un procesador Intel Core i7 de décima generación, 16 GB de RAM y un SSD de 512 GB, este portátil ofrece un rendimiento excepcional en un diseño delgado y ligero. Ya sea que estés trabajando en proyectos creativos o disfrutando de contenido multimedia, la pantalla InfinityEdge de 13.3 pulgadas te sumerge en una experiencia visual impresionante.', 'imagen75.jpg'),
( 'Monitor curvo Samsung Odyssey G9', 'Samsung', 1699.99, 'Sumérgete por completo en tus juegos favoritos con el monitor curvo Samsung Odyssey G9. Con su pantalla ultra ancha de 49 pulgadas y su curvatura envolvente de 1000R, este monitor te ofrece una experiencia de juego inmersiva como ninguna otra. Además, su alta tasa de refresco y su tiempo de respuesta rápido te aseguran un rendimiento suave y sin problemas en cada partida.', 'imagen76.jpg'),
( 'Disco SSD Kingston A2000 1TB', 'Kingston', 119.99, 'Aumenta la velocidad y el rendimiento de tu PC con el disco SSD Kingston A2000 de 1TB. Con su velocidad de lectura y escritura ultrarrápida, este disco SSD te ofrece tiempos de carga más rápidos y una experiencia informática más fluida en general. Además, su diseño compacto y su fiabilidad excepcional lo hacen perfecto para cualquier sistema de escritorio o portátil.', 'imagen77.jpg'),
( 'Impresora multifunción HP ENVY Pro 6455', 'HP', 149.99, 'Haz que tus impresiones, escaneos y copias sean más fáciles que nunca con la impresora multifunción HP ENVY Pro 6455. Con su conectividad Wi-Fi y su compatibilidad con la aplicación móvil HP Smart, esta impresora te permite imprimir desde cualquier lugar y en cualquier momento. Además, su calidad de impresión excepcional y su velocidad de impresión rápida te ayudan a realizar tus tareas con eficiencia y profesionalismo.', 'imagen78.jpg'),
( 'Altavoz inteligente Amazon Echo Dot (4.ª generación)', 'Amazon', 49.99, 'Controla tu hogar inteligente y disfruta de tu música favorita con el altavoz inteligente Amazon Echo Dot de 4.ª generación. Con su diseño compacto y su sonido mejorado, este altavoz te ofrece una experiencia auditiva excepcional en cualquier habitación de tu casa. Además, su compatibilidad con Alexa te permite controlar tus dispositivos inteligentes, obtener información útil y mucho más con solo usar tu voz.', 'imagen79.jpg'),
( 'Portátil Dell XPS 13', 'Dell', 1199.99, 'Haz más en movimiento con el portátil Dell XPS 13. Con su diseño ultraportátil y su rendimiento excepcional, este portátil te ofrece la potencia y la versatilidad que necesitas para trabajar, estudiar y jugar dondequiera que vayas. Además, su pantalla InfinityEdge sin bordes te sumerge por completo en tu contenido, mientras que su duración de la batería de larga duración te mantiene productivo durante todo el día.', 'imagen80.jpg'),
( 'Ratón inalámbrico Logitech MX Master 3', 'Logitech', 99.99, 'Trabaja de forma más inteligente y eficiente con el ratón inalámbrico Logitech MX Master 3. Con su diseño ergonómico y su seguimiento de alta precisión, este ratón te ofrece un control excepcional en cualquier superficie. Además, su conectividad multihost y su duración de la batería de larga duración te permiten cambiar sin esfuerzo entre varios dispositivos y trabajar durante horas sin necesidad de recargarlo.', 'imagen81.jpg'),
( 'Teclado mecánico Razer BlackWidow Elite', 'Razer', 129.99, 'Domina cada partida con el teclado mecánico Razer BlackWidow Elite. Con sus interruptores mecánicos Razer y su retroiluminación personalizable, este teclado te ofrece un rendimiento excepcional y una estética impresionante. Además, su reposamuñecas ergonómico y su conectividad USB te proporcionan la comodidad y la versatilidad que necesitas para sesiones de juego largas y intensas.', 'imagen82.jpg'),
( 'Disco duro externo 2TB Seagate Backup Plus Slim', 'Seagate', 79.99, 'Mantén tus archivos seguros y protegidos con el disco duro externo Seagate Backup Plus Slim de 2TB. Con su amplia capacidad de almacenamiento y su fácil configuración, este disco duro es perfecto para hacer copias de seguridad de tus fotos, vídeos, documentos y mucho más. Además, su diseño delgado y portátil te permite llevar tus datos contigo dondequiera que vayas.', 'imagen83.jpg'),
( 'Monitor LG 27UK650-W', 'LG', 449.99, 'Disfruta de imágenes asombrosas y colores vibrantes con el monitor LG 27UK650-W. Con su resolución 4K UHD y su tecnología HDR10, este monitor te ofrece una calidad de imagen excepcional que se destaca en cualquier aplicación. Además, su diseño elegante y su conectividad versátil lo hacen perfecto para cualquier entorno de trabajo o entretenimiento.', 'imagen84.jpg'),
( 'Ordenador de sobremesa HP Pavilion Desktop TP01-1127c', 'HP', 799.99, 'Potencia tu productividad con el ordenador de sobremesa HP Pavilion Desktop TP01-1127c. Equipado con un procesador Intel Core i5 de décima generación, 12 GB de RAM y un disco duro de 1 TB, este ordenador ofrece un rendimiento confiable para todas tus necesidades informáticas. Ya sea que estés trabajando, estudiando o entreteniéndote, el HP Pavilion Desktop garantiza un funcionamiento fluido y eficiente.', 'imagen78.jpg'),
( 'Procesador AMD Ryzen 7 5800X', 'AMD', 449.99, 'Haz más con el procesador AMD Ryzen 7 5800X. Con su arquitectura de núcleo Zen 3 y su rendimiento excepcional, este procesador te ofrece la potencia y la velocidad que necesitas para realizar cualquier tarea, ya sea trabajo o juego. Además, su compatibilidad con las últimas tecnologías te asegura un rendimiento óptimo en todas tus aplicaciones favoritas.', 'imagen86.jpg'),
( 'Tarjeta gráfica MSI GeForce RTX 3080', 'MSI', 799.99, 'Lleva tu experiencia de juego al siguiente nivel con la tarjeta gráfica MSI GeForce RTX 3080. Equipada con la última tecnología de trazado de rayos y un rendimiento excepcional, esta tarjeta gráfica te ofrece imágenes impresionantes y una jugabilidad suave en cualquier título. Además, su diseño elegante y su sistema de refrigeración avanzado te mantienen fresco y tranquilo incluso durante las sesiones de juego más intensas.', 'imagen87.jpg'),
( 'Disco SSD Crucial MX500 2TB', 'Crucial', 199.99, 'Aumenta la velocidad y la capacidad de almacenamiento de tu PC con el disco SSD Crucial MX500 de 2TB. Con su velocidad de lectura y escritura ultrarrápida, este disco SSD te ofrece tiempos de carga más rápidos y una experiencia informática más fluida en general. Además, su fiabilidad excepcional y su fácil instalación lo convierten en una excelente opción para cualquier sistema de escritorio o portátil.', 'imagen88.jpg'),
( 'Impresora láser Brother HL-L2350DW', 'Brother', 119.99, 'Haz que tus impresiones sean rápidas y eficientes con la impresora láser Brother HL-L2350DW. Con su velocidad de impresión rápida y su calidad de impresión excepcional, esta impresora te ayuda a crear documentos profesionales con facilidad y eficiencia. Además, su diseño compacto y su conectividad Wi-Fi la hacen perfecta para cualquier hogar u oficina.', 'imagen89.jpg'),
( 'Teclado Logitech G Pro X', 'Logitech', 129.99, 'Domina cada partida con el teclado Logitech G Pro X. Con sus interruptores GX intercambiables y su diseño compacto y duradero, este teclado te ofrece un rendimiento excepcional y una estética impresionante. Además, su iluminación RGB personalizable y su software de personalización avanzado te permiten personalizar tu experiencia de juego como nunca antes.', 'imagen90.jpg'),
( 'Monitor BenQ PD2700U', 'BenQ', 499.99, 'Disfruta de imágenes asombrosas y colores precisos con el monitor BenQ PD2700U. Con su resolución 4K UHD y su amplia gama de colores, este monitor te ofrece una calidad de imagen excepcional que se destaca en cualquier aplicación de diseño, edición o animación. Además, su diseño ergonómico y su conectividad versátil lo hacen perfecto para profesionales creativos que buscan rendimiento y comodidad.', 'imagen91.jpg'),
( 'Altavoces inteligentes Sonos One', 'Sonos', 199.00, 'Disfruta de un sonido de alta calidad y un control de voz manos libres con los altavoces inteligentes Sonos One. Con su compatibilidad con Amazon Alexa y Google Assistant, estos altavoces te permiten reproducir música, controlar tus dispositivos inteligentes y obtener información útil con solo usar tu voz. Además, su diseño elegante y su fácil configuración los convierten en la opción perfecta para cualquier hogar inteligente.', 'imagen92.jpg'),
( 'Ratón gaming Corsair Dark Core RGB Pro SE', 'Corsair', 89.99, 'Domina la competencia con el ratón gaming Corsair Dark Core RGB Pro SE. Con su sensor óptico de alta precisión y su conectividad versátil, este ratón te ofrece un rendimiento excepcional y una comodidad incomparable en cada partida. Además, su iluminación RGB personalizable y su diseño ergonómico lo convierten en el compañero perfecto para sesiones de juego largas y intensas.', 'imagen93.jpg'),
( 'Teclado inalámbrico Logitech K780', 'Logitech', 79.99, 'Trabaja de forma más inteligente y eficiente con el teclado inalámbrico Logitech K780. Con su diseño versátil y su conexión Bluetooth, este teclado te permite cambiar fácilmente entre varios dispositivos y trabajar cómodamente desde cualquier lugar. Además, su diseño elegante y su duración de la batería de larga duración te permiten trabajar durante horas sin necesidad de recargarlo.', 'imagen94.jpg'),
( 'Disco duro externo 4TB WD Elements', 'Western Digital', 109.99, 'Almacena tus archivos importantes con seguridad y fiabilidad con el disco duro externo WD Elements de 4TB. Diseñado para ofrecer un rendimiento óptimo y una gran capacidad de almacenamiento, este disco duro es perfecto para guardar tus fotos, vídeos, documentos y mucho más. Además, su diseño compacto y su compatibilidad con USB 3.0 te permiten transferir archivos rápidamente y con facilidad.', 'imagen95.jpg'),
( 'Monitor Dell S2721DGF', 'Dell', 459.99, 'Disfruta de una experiencia de juego suave y envolvente con el monitor Dell S2721DGF. Con su resolución QHD y su alta tasa de refresco de 165Hz, este monitor te ofrece imágenes nítidas y sin desenfoques que te sumergen por completo en tus juegos favoritos. Además, su diseño elegante y su amplia conectividad lo hacen perfecto para cualquier configuración de juego.', 'imagen96.jpg'),
( 'Disco SSD Samsung 970 EVO Plus 1TB', 'Samsung', 159.99, 'Aumenta la velocidad y el rendimiento de tu PC con el disco SSD Samsung 970 EVO Plus de 1TB. Con su velocidad de lectura y escritura ultrarrápida, este disco SSD te ofrece tiempos de carga más rápidos y una experiencia informática más fluida en general. Además, su fiabilidad excepcional y su compatibilidad con las últimas tecnologías lo hacen perfecto para cualquier sistema de escritorio o portátil.', 'imagen97.jpg'),
( 'Impresora multifunción Epson EcoTank ET-4760', 'Epson', 499.99, 'Haz que tus impresiones sean más económicas y ecológicas con la impresora multifunción Epson EcoTank ET-4760. Con su sistema de tanque de tinta recargable y su rendimiento de impresión excepcional, esta impresora te ayuda a ahorrar tiempo y dinero en cada tarea de impresión. Además, su conectividad Wi-Fi y su compatibilidad con la aplicación móvil Epson te permiten imprimir desde cualquier lugar y en cualquier momento.', 'imagen98.jpg'),
( 'Altavoz portátil Bose SoundLink Revolve+', 'Bose', 299.00, 'Disfruta de un sonido potente y envolvente dondequiera que vayas con el altavoz portátil Bose SoundLink Revolve+. Con su diseño resistente al agua y su batería de larga duración, este altavoz es perfecto para fiestas en la piscina, excursiones al aire libre y mucho más. Además, su tecnología de radiadores pasivos te ofrece graves profundos y una claridad excepcional en cada canción.', 'imagen99.jpg'),
( 'Cámara de seguridad Arlo Pro 4', 'Arlo', 199.99, 'Mantén tu hogar seguro y protegido con la cámara de seguridad Arlo Pro 4. Con su resolución de vídeo 2K HDR y su visión nocturna en color, esta cámara te ofrece imágenes nítidas y detalladas en cualquier momento del día o de la noche. Además, su conectividad Wi-Fi y su compatibilidad con la aplicación móvil Arlo te permiten ver el vídeo en directo y recibir alertas en tiempo real desde cualquier lugar y en cualquier momento.', 'imagen100.jpg');


INSERT INTO categoria (id_categoria,tipo) VALUES
(1,'Productos Dabware'),
(2,'Portátiles'),
(3,'Pc'),
(4,'Television'),
(5,'Móviles'),
(6,'Componentes'),
(7,'Productos Dabware'),
(8,'Segunda Mano'),
(9,'Perifericos');


INSERT INTO productos_categoria (id_producto, id_categoria) VALUES
(1, 1), (2, 1), (3, 9), (4, 1), (5, 1), (6, 5), (7, 1), (8, 9), (9, 9), (10, 6),
(11, 6), (12, 6), (13, 9), (14, 1), (15, 9), (16, 9), (17, 3), (18, 3), (19, 9), (20, 9),
(21, 1), (22, 1), (23, 4), (24, 1), (25, 5), (26, 1), (27, 9), (28, 9), 
(29, 9), (30, 6),
(31, 6), (32, 6), (33, 3), (34, 4), (35, 9), (36, 3), (37, 2), (38, 9), (39, 2), (40, 4),
(41, 6), (42, 6), (43, 3), (44, 4), (45, 2), (46, 9), (47, 9), (48, 9), (49, 2), (50, 6),
(51, 6), (52, 6), (53, 4), (54, 9), (55, 9), (56, 9), (57, 5), (58, 8), (59, 8), (60, 8),
(61, 2), (62, 8), (63, 3), (64, 4), (65, 1), (66, 1), (67, 1), (68, 1), 
(69, 2), (70, 2), (71, 2), (72, 3), (73, 8), (74, 3), (75, 9), (76, 3), 
(77, 6), (78, 2), (79, 1), (80, 1),
(81, 2), (82, 2), (83, 8), (84, 4), (85, 8), (86, 7), (87, 7), (88, 7), (89, 7), (90, 7),
(91, 2), (92, 2), (93, 9), (94, 9), (95, 6), (96, 9), (97, 6), (98, 1), (99, 8), (100, 7);

INSERT INTO registro_usuario (usuario, pass, nombre, apellido, email, telefono) VALUES ('usuario123', 'password123', 'Juan', 'Pérez', 'juan@example.com', '1234567890');